model,MAE,RMSE,MAPE,MdAPE,R2_log,Bias
robust_segmented_hgb_log_mae,353.78380312874293,2363.7348267719444,23.832369281822068,16.64638991080286,0.5152328874994424,-283.5811060512006
